{"cameraMode":{"drawMode":0,"name":"Shaded","section":"Shading Mode"},"sceneLighting":true,"audioPlay":false,"sceneViewState":{"showFog":true,"showMaterialUpdate":false,"showSkybox":true,"showFlares":true,"showImageEffects":true,"showParticleSystems":true},"in2DMode":false,"pivot":{"x":-2.2234950065612795,"y":1.1507868766784669,"z":-10.452316284179688},"rotation":{"x":0.4739902913570404,"y":0.009527143090963364,"z":-0.0051263440400362019,"w":0.8804636001586914},"size":3.1453449726104738,"orthographic":false}