{"cameraMode":{"drawMode":0,"name":"Shaded","section":"Shading Mode"},"sceneLighting":true,"audioPlay":false,"sceneViewState":{"showFog":true,"showMaterialUpdate":false,"showSkybox":true,"showFlares":true,"showImageEffects":true,"showParticleSystems":true},"in2DMode":false,"pivot":{"x":-1.5735405683517457,"y":18.26382064819336,"z":-4.026771545410156},"rotation":{"x":0.23178590834140778,"y":0.026260972023010255,"z":0.006259739398956299,"w":-0.972392201423645},"size":37.30939483642578,"orthographic":false}