{"cameraMode":{"drawMode":0,"name":"Shaded","section":"Shading Mode"},"sceneLighting":true,"audioPlay":false,"sceneViewState":{"showFog":true,"showMaterialUpdate":false,"showSkybox":true,"showFlares":true,"showImageEffects":true,"showParticleSystems":true},"in2DMode":false,"pivot":{"x":-1.4663987159729005,"y":-6.935522556304932,"z":-3.312880516052246},"rotation":{"x":-0.3299478590488434,"y":0.517746090888977,"z":-0.22586436569690705,"w":-0.7563456296920776},"size":0.4041673243045807,"orthographic":false}