{"cameraMode":{"drawMode":0,"name":"Shaded","section":"Shading Mode"},"sceneLighting":false,"audioPlay":false,"sceneViewState":{"showFog":true,"showMaterialUpdate":false,"showSkybox":false,"showFlares":true,"showImageEffects":true,"showParticleSystems":true},"in2DMode":false,"pivot":{"x":-7.509936809539795,"y":-14.139488220214844,"z":-6.962731838226318},"rotation":{"x":-0.20481614768505097,"y":0.09990407526493073,"z":-0.021015215665102006,"w":-0.9734618663787842},"size":0.8301969766616821,"orthographic":false}