{"cameraMode":{"drawMode":0,"name":"Shaded","section":"Shading Mode"},"sceneLighting":false,"audioPlay":false,"sceneViewState":{"showFog":true,"showMaterialUpdate":false,"showSkybox":false,"showFlares":true,"showImageEffects":true,"showParticleSystems":true},"in2DMode":false,"pivot":{"x":-7.788143634796143,"y":-14.269000053405762,"z":-5.870999813079834},"rotation":{"x":-0.23285965621471406,"y":-0.17225351929664613,"z":0.04195241257548332,"w":-0.9562139511108398},"size":0.8301969766616821,"orthographic":false}