{"cameraMode":{"drawMode":0,"name":"Shaded","section":"Shading Mode"},"sceneLighting":false,"audioPlay":false,"sceneViewState":{"showFog":true,"showMaterialUpdate":true,"showSkybox":true,"showFlares":true,"showImageEffects":true,"showParticleSystems":true},"in2DMode":false,"pivot":{"x":-3.1924819946289064,"y":6.002978324890137,"z":3.7770776748657228},"rotation":{"x":0.12249775975942612,"y":0.8019480109214783,"z":-0.17623628675937653,"w":0.5575074553489685},"size":6.591508388519287,"orthographic":false}