{"cameraMode":{"drawMode":0,"name":"Shaded","section":"Shading Mode"},"sceneLighting":false,"audioPlay":false,"sceneViewState":{"showFog":true,"showMaterialUpdate":true,"showSkybox":false,"showFlares":true,"showImageEffects":true,"showParticleSystems":true},"in2DMode":false,"pivot":{"x":104.14671325683594,"y":-35.146629333496097,"z":-45.4823112487793},"rotation":{"x":0.08340553194284439,"y":0.8436529040336609,"z":-0.13735884428024293,"w":0.5122752785682678},"size":119.12750244140625,"orthographic":false}