{"cameraMode":{"drawMode":0,"name":"Shaded","section":"Shading Mode"},"sceneLighting":false,"audioPlay":false,"sceneViewState":{"showFog":true,"showMaterialUpdate":true,"showSkybox":true,"showFlares":true,"showImageEffects":true,"showParticleSystems":true},"in2DMode":false,"pivot":{"x":-0.06595466285943985,"y":-18.34375,"z":-16.906761169433595},"rotation":{"x":0.7837340235710144,"y":0.03252095729112625,"z":-0.04118401184678078,"w":0.6188758611679077},"size":25.33490753173828,"orthographic":true}