{"cameraMode":{"drawMode":0,"name":"Shaded","section":"Shading Mode"},"sceneLighting":false,"audioPlay":false,"sceneViewState":{"showFog":true,"showMaterialUpdate":true,"showSkybox":true,"showFlares":true,"showImageEffects":true,"showParticleSystems":true},"in2DMode":false,"pivot":{"x":-1.5827407836914063,"y":-2.713642120361328,"z":1.1580657958984376},"rotation":{"x":-0.15151360630989076,"y":0.8099856376647949,"z":-0.23889873921871186,"w":-0.5137065052986145},"size":116.99285125732422,"orthographic":false}