{"cameraMode":{"drawMode":0,"name":"Shaded","section":"Shading Mode"},"sceneLighting":false,"audioPlay":false,"sceneViewState":{"showFog":true,"showMaterialUpdate":true,"showSkybox":true,"showFlares":true,"showImageEffects":true,"showParticleSystems":true},"in2DMode":false,"pivot":{"x":8.946105003356934,"y":0.5144754648208618,"z":-6.538827419281006},"rotation":{"x":-0.1172008365392685,"y":-0.8069144487380981,"z":0.1709831953048706,"w":-0.5530984997749329},"size":23.442346572875978,"orthographic":false}