{"cameraMode":{"drawMode":0,"name":"Shaded","section":"Shading Mode"},"sceneLighting":false,"audioPlay":false,"sceneViewState":{"showFog":true,"showMaterialUpdate":true,"showSkybox":true,"showFlares":true,"showImageEffects":true,"showParticleSystems":true},"in2DMode":false,"pivot":{"x":-2.8615376949310304,"y":5.776975631713867,"z":-1.3513911962509156},"rotation":{"x":0.019395209848880769,"y":0.1050800010561943,"z":0.0020161326974630357,"w":-0.9942725896835327},"size":3.272031545639038,"orthographic":false}