{"cameraMode":{"drawMode":0,"name":"Shaded","section":"Shading Mode"},"sceneLighting":false,"audioPlay":false,"sceneViewState":{"showFog":true,"showMaterialUpdate":true,"showSkybox":false,"showFlares":true,"showImageEffects":true,"showParticleSystems":true},"in2DMode":false,"pivot":{"x":67.82286834716797,"y":-30.692476272583009,"z":-67.26717376708985},"rotation":{"x":0.07614263892173767,"y":0.8925700783729553,"z":-0.16463328897953034,"w":0.4128158688545227},"size":117.44908142089844,"orthographic":false}