{"cameraMode":{"drawMode":0,"name":"Shaded","section":"Shading Mode"},"sceneLighting":false,"audioPlay":false,"sceneViewState":{"showFog":true,"showMaterialUpdate":true,"showSkybox":true,"showFlares":true,"showImageEffects":true,"showParticleSystems":true},"in2DMode":false,"pivot":{"x":-3.676142692565918,"y":5.505088806152344,"z":-1.4106428623199463},"rotation":{"x":-0.000354257965227589,"y":0.9970411062240601,"z":-0.07673796266317368,"w":-0.004495765082538128},"size":2.549973249435425,"orthographic":false}