{"cameraMode":{"drawMode":0,"name":"Shaded","section":"Shading Mode"},"sceneLighting":false,"audioPlay":false,"sceneViewState":{"showFog":true,"showMaterialUpdate":true,"showSkybox":false,"showFlares":true,"showImageEffects":true,"showParticleSystems":true},"in2DMode":false,"pivot":{"x":113.40647888183594,"y":-34.12109375,"z":-26.71376609802246},"rotation":{"x":0.09248937666416168,"y":0.7880450487136841,"z":-0.12224558740854263,"w":0.5962271690368652},"size":119.12750244140625,"orthographic":false}