{"cameraMode":{"drawMode":0,"name":"Shaded","section":"Shading Mode"},"sceneLighting":false,"audioPlay":false,"sceneViewState":{"showFog":true,"showMaterialUpdate":true,"showSkybox":false,"showFlares":true,"showImageEffects":true,"showParticleSystems":true},"in2DMode":false,"pivot":{"x":7.130000114440918,"y":0.5270000100135803,"z":2.6700000762939455},"rotation":{"x":0.01896805129945278,"y":0.940183699131012,"z":-0.05308106169104576,"w":0.3359720706939697},"size":1.1180509328842164,"orthographic":false}