{"cameraMode":{"drawMode":0,"name":"Shaded","section":"Shading Mode"},"sceneLighting":false,"audioPlay":false,"sceneViewState":{"showFog":true,"showMaterialUpdate":true,"showSkybox":true,"showFlares":true,"showImageEffects":true,"showParticleSystems":true},"in2DMode":false,"pivot":{"x":42.49350357055664,"y":2.973787784576416,"z":0.06292758882045746},"rotation":{"x":-0.02922743372619152,"y":0.9263773560523987,"z":-0.36819201707839968,"w":-0.07352069765329361},"size":35.50481414794922,"orthographic":false}