{"cameraMode":{"drawMode":0,"name":"Shaded","section":"Shading Mode"},"sceneLighting":false,"audioPlay":false,"sceneViewState":{"showFog":true,"showMaterialUpdate":true,"showSkybox":true,"showFlares":true,"showImageEffects":true,"showParticleSystems":true},"in2DMode":false,"pivot":{"x":1.9609605073928834,"y":2.1714630126953127,"z":-3.6753716468811037},"rotation":{"x":-0.17560961842536927,"y":0.46853768825531008,"z":-0.09561575204133988,"w":-0.8605180978775024},"size":14.592293739318848,"orthographic":false}