{"cameraMode":{"drawMode":0,"name":"Shaded","section":"Shading Mode"},"sceneLighting":false,"audioPlay":false,"sceneViewState":{"showFog":true,"showMaterialUpdate":true,"showSkybox":true,"showFlares":true,"showImageEffects":true,"showParticleSystems":true},"in2DMode":false,"pivot":{"x":8.801778793334961,"y":-1.9584449529647828,"z":15.280204772949219},"rotation":{"x":0.1554040163755417,"y":0.767331600189209,"z":-0.2027420997619629,"w":0.588172972202301},"size":28.398086547851564,"orthographic":false}