{"cameraMode":{"drawMode":0,"name":"Shaded","section":"Shading Mode"},"sceneLighting":false,"audioPlay":false,"sceneViewState":{"showFog":true,"showMaterialUpdate":true,"showSkybox":true,"showFlares":true,"showImageEffects":true,"showParticleSystems":true},"in2DMode":false,"pivot":{"x":-5.05035400390625,"y":1.011202335357666,"z":-0.5371737480163574},"rotation":{"x":-0.14046798646450044,"y":0.760895311832428,"z":-0.17559997737407685,"w":-0.6086639761924744},"size":14.860950469970704,"orthographic":false}