{"cameraMode":{"drawMode":0,"name":"Shaded","section":"Shading Mode"},"sceneLighting":false,"audioPlay":false,"sceneViewState":{"showFog":true,"showMaterialUpdate":true,"showSkybox":true,"showFlares":true,"showImageEffects":true,"showParticleSystems":true},"in2DMode":false,"pivot":{"x":-4.776066303253174,"y":7.890906810760498,"z":-6.118892669677734},"rotation":{"x":-0.29850709438323977,"y":-0.16301876306533814,"z":0.05182713270187378,"w":-0.9389528036117554},"size":20.395885467529298,"orthographic":false}